{
    "x_calibration": [
        -0.09056061,
        356.5392
    ],
    "y_calibration": [
        -0.06559808,
        253.8693
    ]
}